{"flutter":{"platforms":{"android":{"default":{"projectId":"crudbooking-43175","appId":"1:864588086270:android:99b061f59f30c872a15eaf","fileOutput":"android/app/google-services.json"}},"dart":{"lib/firebase_options.dart":{"projectId":"crudbooking-43175","configurations":{"android":"1:864588086270:android:99b061f59f30c872a15eaf","ios":"1:864588086270:ios:8749ec79aca5f549a15eaf","macos":"1:864588086270:ios:8749ec79aca5f549a15eaf","web":"1:864588086270:web:b2e2f6c3793d44efa15eaf","windows":"1:864588086270:web:b57cbf86aaf71d0ea15eaf"}}}}}}